disease,description,treatment
apple_scab,"Caused by the fungus Venturia inaequalis, manifests as olive-green to black spots on the upper surface of leaves. These spots often have a scaly appearance and may lead to defoliation. Infected fruit may also exhibit scab-like lesions, affecting the overall yield and quality.","To effectively manage apple scab, implement a regular fungicide spray program, especially during the growing season. Choose fungicides specifically formulated for apple scab control. Additionally, practicing good orchard sanitation by removing fallen leaves and pruning infected branches helps reduce the disease's overwintering potential."
black_rot,"Caused by the fungus Botryosphaeria obtusa, is characterized by dark, sunken lesions on leaves and fruit. These lesions may exhibit concentric rings, resembling a target. Infected fruit becomes mummified and shriveled, impacting both quality and yield.","Employ cultural practices such as proper pruning and adequate spacing to enhance air circulation, minimizing conditions favoring black rot development. Applying fungicides, especially during the pre-bloom and post-harvest periods, is crucial. Remove and destroy any infected plant material to prevent overwintering of the pathogen."
cedar_apple_rust,"Caused by the fungus Gymnosporangium juniperi-virginianae, leads to yellow-orange spots on leaves, often accompanied by raised lesions. These symptoms are more prominent on the upper leaf surface. The disease can cause premature defoliation and impact fruit quality.","Control cedar apple rust by removing nearby juniper trees, as they serve as an alternate host for the fungus. Fungicide applications, especially during the spring when spore production peaks, are effective. Implementing a regular spray schedule is crucial for preventing infection."
powdery_mildew,"Caused by various fungi, results in a white, powdery growth on the upper surface of leaves. Infected leaves may become distorted, and severe cases can lead to defoliation."," Combat powdery mildew by selecting resistant plant varieties. Apply fungicides, particularly those containing sulfur or neem oil, at the first sign of infection. Proper spacing and pruning to enhance air circulation also aid in disease prevention."
cercospora_leaf_spot gray_leaf_spot,"Caused by the fungus Cercospora spp., presents as small, dark spots with a grayish center on leaves. These spots coalesce, leading to extensive leaf damage.","Manage Cercospora leaf spot by practicing crop rotation and selecting resistant varieties. Apply fungicides regularly, especially during periods of high humidity. Remove and destroy infected leaves to reduce the pathogen's presence."
common_rust,"Caused by the fungus Puccinia spp., manifests as small, reddish-brown pustules on the upper leaf surface. Severe infections can lead to premature leaf drop.","Control common rust by planting resistant cultivars. Fungicide applications, particularly during the early stages of infection, are effective. Remove and destroy infected leaves to limit the disease's spread."
northern_leaf_blight,"Caused by the fungus Exserohilum turcicum, displays elongated, cigar-shaped lesions on corn leaves. These lesions often run parallel to the leaf veins, starting as yellow streaks and progressing to tan or brown necrotic areas.","Combat northern leaf blight by selecting resistant corn varieties and practicing proper crop rotation. Fungicide applications, particularly during the early stages of infection, are effective. Removal and destruction of infected crop debris aid in preventing the disease's overwintering."
esca_(black_measles),"Caused by multiple fungi including Phaeoacremonium spp., results in dark streaks or lesions on grapevine leaves. Infected leaves may also exhibit yellowing, and the disease can progress to affect the woody tissues, impacting overall vine health.","Manage Esca by implementing proper pruning techniques to remove infected wood. Applying fungicides, especially those with protectant properties, can be effective. Trunk surgery to remove and treat infected tissues is a recommended practice to control the spread of the disease."
leaf_blight_(isariopsis_leaf_spot),"Caused by the fungus Isariopsis griseola, presents as small, dark spots on bean leaves with a characteristic target-like appearance. These spots may coalesce, leading to extensive blighting of leaves.","Control leaf blight by selecting resistant bean varieties and practicing crop rotation. Fungicide applications, especially during periods of high humidity, are effective. Remove and destroy infected plant material to reduce the pathogen's presence."
haunglongbing_(citrus_greening),"Caused by the bacterium Candidatus Liberibacter asiaticus, results in yellow shoots, mottled leaves, and misshapen, bitter fruit on citrus trees. The disease ultimately leads to tree decline and reduced fruit quality.","Unfortunately, there is no cure for Huanglongbing. Implement strict management practices, including the removal and destruction of infected trees, to prevent further spread. Planting disease-free citrus stock and controlling the Asian citrus psyllid vector are crucial preventive measures."
bacterial_spot,"Caused by Xanthomonas spp., manifests as small, dark lesions with a water-soaked appearance on the leaves and fruit of pepper and tomato plants. These lesions may develop into necrotic areas.",Control bacterial spot by selecting resistant plant varieties and practicing proper spacing to enhance air circulation. Copper-based fungicides are effective when applied preventively. Remove and destroy infected plant material to limit the disease's spread.
early_blight,"Caused by the fungus Alternaria solani, presents as dark concentric rings on tomato and potato leaves. Lesions start as small, dark spots and can enlarge to cause widespread foliage damage.","Manage early blight by practicing proper plant spacing and applying fungicides, particularly those containing chlorothalonil. Remove and destroy infected lower leaves to reduce the pathogen's presence. Crop rotation is essential for long-term control."
late_blight,"Caused by the oomycete Phytophthora infestans, leads to water-soaked lesions on potato and tomato leaves that rapidly expand, turning dark brown. White, fuzzy growth may appear on the undersides of affected leaves.","Combat late blight by selecting resistant plant varieties and implementing a strict fungicide spray program, especially during periods of high humidity. Remove and destroy infected plant material to prevent the disease's overwintering. Regular monitoring is crucial for early detection and control."
leaf_scorch,"Leaf scorch is a condition where the edges of leaves, particularly on deciduous trees, turn brown and dry out. This is often caused by environmental stress factors such as drought, high temperatures, or root damage.","Manage leaf scorch by ensuring proper watering practices during dry periods, especially for newly planted trees. Apply a layer of organic mulch around the base of the tree to retain soil moisture. Implementing measures to reduce root damage, such as avoiding excessive digging around the tree, is also beneficial."
leaf_mold,"Caused by the fungus Fulvia fulva, manifests as yellowing leaves with a fuzzy, brown growth on the undersides. This disease primarily affects tomato plants, impacting overall plant vigor.","Control leaf mold by providing adequate air circulation and spacing between plants. Water the soil directly to avoid wetting the foliage, as the fungus thrives in moist conditions. Applying fungicides containing copper or chlorothalonil can be effective in preventing and managing leaf mold."
septoria_leaf_spot,"Caused by the fungus Septoria lycopersici, results in small, dark spots with a lighter center on tomato leaves. These spots may coalesce, leading to extensive defoliation.","Manage septoria leaf spot by practicing proper plant spacing and providing adequate air circulation. Apply fungicides, especially those containing chlorothalonil, preventively. Remove and destroy infected lower leaves to reduce the pathogen's presence. Crop rotation is essential for long-term control."
spider_mites two-spotted_spider_mite,"Spider mites, particularly the two-spotted spider mite (Tetranychus urticae), cause stippling, yellowing, and webbing on the undersides of leaves. Infestations may lead to reduced plant vigor and yield.","Control spider mites by regularly monitoring plants and employing predatory mites or beneficial insects as natural enemies. Miticides, such as neem oil or insecticidal soap, can be effective. Ensure proper plant hydration to reduce stress on the plants and discourage mite infestations."
target_spot,"Caused by various fungi, results in concentric rings on the leaves of plants such as soybeans. Lesions often have a target-like appearance and may lead to premature defoliation.","Manage target spot by selecting resistant plant varieties and implementing a regular fungicide spray program, especially during periods of high humidity. Crop rotation is essential for reducing the pathogen's presence. Removing and destroying infected plant material helps prevent overwintering."
tomato_yellow_leaf_curl_virus,"Tomato Yellow Leaf Curl Virus (TYLCV) leads to yellowing, curling, and stunting of tomato plant leaves. Infected plants may exhibit a characteristic upward curling of leaves and reduced fruit production.","Unfortunately, there is no cure for TYLCV. Implement strict management practices, including the use of virus-resistant tomato varieties and controlling the whitefly vector. Promptly remove and destroy infected plants to prevent further spread."
tomato_mosaic_virus,"Tomato mosaic virus (ToMV) causes mosaic patterns, mottling, and distortion of leaves on tomato plants. Infected plants may exhibit reduced growth, and fruit quality and yield can be adversely affected.",Manage tomato mosaic virus by using virus-free seeds and selecting resistant tomato varieties. Control aphid vectors and practice strict sanitation measures to prevent virus spread. Remove and destroy infected plants promptly to reduce the risk of transmission.
